2千円ガチャ,KKY01-M02-B01
2千円ガチャ,KKY01-M02-B02
BUZZクレーン,KKY01-M03-B01
BUZZクレーン,KKY01-M03-B02
BUZZクレーン,KKY01-M03-B03
BUZZクレーン,KKY01-M03-B04
BUZZクレーンスリム,KKY01-M04-B01
BUZZクレーンスリム,KKY01-M04-B02

2千円ガチャ,KOS01-M01-B01
2千円ガチャ,KOS01-M01-B02
BUZZクレーン,KOS01-M02-B01
BUZZクレーン,KOS01-M02-B02
BUZZクレーン,KOS01-M02-B03
BUZZクレーン,KOS01-M02-B04
500GATCHA①,KOS01-M03-B01
500GATCHA②,KOS01-M04-B01
セサミW①,KOS01-M05-B01
セサミW①,KOS01-M05-B02
セサミW②,KOS01-M06-B01
セサミW②,KOS01-M06-B02
セサミW③,KOS01-M07-B01
セサミW③,KOS01-M07-B02
セサミW④,KOS01-M08-B01
セサミW④,KOS01-M08-B02
Buzzクレーン,KOS01-M09-B01
Buzzクレーン,KOS01-M09-B02
Buzzクレーン,KOS01-M09-B03
Buzzクレーン,KOS01-M09-B04
アンパンマンミニライド,KOS01-M10-B01
Buzzクレーンミニ,KOS01-M11-B01

千円ガチャ,MNK01-M01-B01
BUZZクレーン①,MNK01-M02-B01
BUZZクレーン①,MNK01-M02-B02
BUZZクレーン①,MNK01-M02-B03
BUZZクレーン①,MNK01-M02-B04
BUZZクレーン②,MNK01-M03-B01
BUZZクレーン②,MNK01-M03-B02
BUZZクレーン②,MNK01-M03-B03
BUZZクレーン②,MNK01-M03-B04
BUZZクレーンミニ①,MNK01-M04-B01
BUZZクレーンミニ②,MNK01-M05-B01

2千円ガチャ,SMD01-M01-B01
2千円ガチャ,SMD01-M01-B02
